{"stat.chestOpened":2,"stat.walkOneCm":65561,"stat.useItem.minecraft.sticky_piston":3,"stat.trappedChestTriggered":1,"stat.useItem.minecraft.lever":1,"stat.useItem.minecraft.stone":44,"stat.leaveGame":10,"stat.jump":163,"stat.useItem.minecraft.snow":19,"stat.fallOneCm":900,"stat.useItem.minecraft.planks":13,"stat.useItem.minecraft.redstone":4,"stat.useItem.minecraft.trapped_chest":1,"stat.crouchOneCm":4012,"stat.enderchestOpened":1,"stat.useItem.minecraft.stained_hardened_clay":1,"stat.sprintOneCm":26284,"stat.useItem.minecraft.diamond_shovel":20,"achievement.exploreAllBiomes":{"value":0,"progress":["Jungle","Ice Plains","Forest","Plains","Taiga"]},"stat.useItem.minecraft.stone_slab":60,"achievement.openInventory":20,"stat.damageTaken":20,"stat.useItem.minecraft.stone_brick_stairs":9,"stat.useItem.minecraft.anvil":1,"stat.flyOneCm":154690,"stat.mineBlock.minecraft.snow":20,"stat.drop":2,"stat.playOneMinute":21775,"stat.useItem.minecraft.wool":105,"stat.timeSinceDeath":21775,"stat.useItem.minecraft.sign":7}